{
  "project_info": {
    "project_number": "499725026952",
    "project_id": "chatapplication-31c0e",
    "storage_bucket": "chatapplication-31c0e.appspot.com"
  },
  "client": [
    {
      "client_info": {
        "mobilesdk_app_id": "1:499725026952:android:80db6946b9b64802b5013d",
        "android_client_info": {
          "package_name": "com.example.chatapplication"
        }
      },
      "oauth_client": [
        {
          "client_id": "499725026952-32bkt83t0c9f6s8qequ33ll9t1gcb396.apps.googleusercontent.com",
          "client_type": 3
        }
      ],
      "api_key": [
        {
          "current_key": "AIzaSyA5gV_juBTNGb0Zx0fOmdjjbfTA_eDlRu0"
        }
      ],
      "services": {
        "appinvite_service": {
          "other_platform_oauth_client": [
            {
              "client_id": "499725026952-32bkt83t0c9f6s8qequ33ll9t1gcb396.apps.googleusercontent.com",
              "client_type": 3
            }
          ]
        }
      }
    }
  ],
  "configuration_version": "1"
}